<?xml version="1.0" encoding="utf-8" standalone="yes" ?>
<Window size="322,162" caption="0,0,0,105" roundcorner="2,2,2,2" shadow="true" shadowborder="5,5,9,10" shadowimage="file='Aero.png' corner='10,10,10,11'">
	<Font name="微软雅黑" size="12" bold="false" italic="false" default="true"/>
    <VerticalLayout >
	<HorizontalLayout bkcolor="#FFFFFFFF">
        <Button name="btn_close" float="true" pos="302,5,0,0" width="15" height="15" textcolor="#FF000000" align="center" normalimage="MsgBox\close_nor.png" hotimage="MsgBox\close_hot.png" pushedimage="MsgBox\close_push.png" />
		<Label float="true" pos="28,29,0,0" width="47" height="47" bkimage="MsgBox\warn.png"/>
		<Control float="true" pos="0,105,322,106" bkcolor="#FFE8ECF0"/>
		<Text name="text_msg" float="true" pos="87,40,0,0" width="200" height="60" textpadding="2,0,2,0" align="wrap" textcolor="#FF333333" font="0"/>
		<Button name="btn_ok" text="确定" float="true" pos="247,120,0,0" width="60" height="27" textcolor="#FFFFFFFF" normalimage="MsgBox\btn_blue_nor.png" hotimage="MsgBox\btn_blue_hot.png" font="0"/>
    </HorizontalLayout>
	</VerticalLayout>
</Window>
