<?xml version="1.0" encoding="utf-8" standalone="yes" ?>
<Window size="760,500" mininfo="520,300" caption="0,0,0,40" sizebox="6,6,6,6">
<!--shadow="true" shadowborder="5,5,9,10" shadowimage="file='Aero.png' corner='10,10,10,11'"-->
	<Font name="微软雅黑" size="12" bold="false" italic="false" />
	<Font name="微软雅黑" size="14" bold="false" italic="false" />
	<Font name="微软雅黑" size="16" bold="false" italic="false" />
    <VerticalLayout bkcolor="#FFFFFFFF">
        <HorizontalLayout height="40" bkcolor="#FF1E1E1E"><!--FF333933-->
			<Control width="6"/>
			<Control width="36" height="36" padding="0,2,0,0" bkimage="logo.png" />
			<Control width="6"/>
			<Label name="lbl_title" endellipsis="true" align="left+vcenter" textcolor="#FFFFFFFF" font="2"/>
			<VerticalLayout width="100">
				<HorizontalLayout height="30">
					<Control />
					<Button name="btn_sys_min" tooltip="最小化" width="28" normalimage="sysbtn\sys_min_nor.png" hotimage="sysbtn\sys_min_hot.png" pushedimage="sysbtn\sys_min_down.png" />	
					<Button name="btn_sys_max" tooltip="最大化" width="28" normalimage="sysbtn\btn_max_nor.png" hotimage="sysbtn\btn_max_hot.png" pushedimage="sysbtn\btn_max_down.png" />	
					<Button name="btn_sys_restore" tooltip="还原" width="28" normalimage="sysbtn\btn_restore_nor.png" hotimage="sysbtn\btn_restore_hot.png" pushedimage="sysbtn\btn_restore_down.png" visible="false"/>	
					<Button name="btn_sys_close" tooltip="关闭" width="28" normalimage="sysbtn\sys_close_nor.png" hotimage="sysbtn\sys_close_hot.png" pushedimage="sysbtn\sys_close_down.png" />
				</HorizontalLayout>
			</VerticalLayout>
        </HorizontalLayout>
        <HorizontalLayout>
			<PlayerUI name="player" />
		</HorizontalLayout>	
    </VerticalLayout>
</Window>
